OrderID,OrderDate,CustomerName,Region,Channel,PaymentMethod,ProductName,Category,Quantity,UnitPrice,DiscountPct,NetRevenue,TotalCost,Profit
5001,2024-06-17,Pooja Malhotra,West,Online,Net Banking,Dumbbell Set,Sports,2,4200,20,6720.0,4600,2120.0
5002,2025-05-01,Manoj Bhatt,South,Online,UPI,Football,Sports,1,1100,0,1100.0,550,550.0
5003,2025-01-14,Suresh Pandey,West,Online,UPI,Denim Jacket,Apparel,1,2800,5,2660.0,1500,1160.0
5004,2025-02-20,Isha Kulkarni,West,Online,Cash,Wrist Watch,Accessories,4,6500,15,22100.0,13600,8500.0
5005,2024-04-28,Nikhil Saxena,East,Online,Credit Card,Formal Shoes,Footwear,1,4500,5,4275.0,2600,1675.0
5006,2024-06-13,Ritu Chawla,East,Online,UPI,Sandals,Footwear,1,1200,5,1140.0,650,490.0
5007,2024-08-28,Amit Reddy,South,Online,Credit Card,Formal Shoes,Footwear,5,4500,5,21375.0,13000,8375.0
5008,2025-02-01,Karan Kapoor,East,In-Store,Net Banking,Cotton T-Shirt,Apparel,3,699,5,1992.15,960,1032.15
5009,2025-05-28,Sanjay Pillai,East,In-Store,Net Banking,Cotton T-Shirt,Apparel,1,699,20,559.2,320,239.2
5010,2024-04-05,Anjali Gupta,West,Online,Credit Card,Wrist Watch,Accessories,5,6500,15,27625.0,17000,10625.0
5011,2025-06-18,Neha Menon,Central,Online,Credit Card,Sandals,Footwear,2,1200,15,2040.0,1300,740.0
5012,2024-12-22,Rohan Chatterjee,East,In-Store,Cash,Denim Jacket,Apparel,1,2800,0,2800.0,1500,1300.0
5013,2024-03-08,Anjali Gupta,West,Online,Credit Card,Yoga Mat,Sports,5,900,15,3825.0,2250,1575.0
5014,2024-09-04,Pooja Malhotra,South,In-Store,Credit Card,Winter Coat,Apparel,4,5500,10,19800.0,12400,7400.0
5015,2025-01-19,Tanvi Agarwal,South,In-Store,UPI,Sandals,Footwear,5,1200,0,6000.0,3250,2750.0
5016,2025-03-25,Pooja Malhotra,West,Online,Cash,Running Shoes,Footwear,3,3200,15,8160.0,5700,2460.0
5017,2024-10-23,Priya Verma,West,Online,Net Banking,Formal Shoes,Footwear,3,4500,15,11475.0,7800,3675.0
5018,2024-05-29,Vikram Nair,West,Online,UPI,Yoga Mat,Sports,5,900,15,3825.0,2250,1575.0
5019,2025-05-05,Rahul Sharma,South,In-Store,Cash,Football,Sports,2,1100,0,2200.0,1100,1100.0
5020,2025-03-12,Kavya Shetty,Central,In-Store,Net Banking,Cotton T-Shirt,Apparel,2,699,10,1258.2,640,618.2
5021,2024-10-09,Vikram Nair,North,Online,UPI,Cricket Bat,Sports,1,3500,0,3500.0,1900,1600.0
5022,2024-11-29,Nikhil Saxena,South,In-Store,Net Banking,Cotton T-Shirt,Apparel,4,699,20,2236.8,1280,956.8
5023,2024-05-21,Vikram Nair,South,Online,Credit Card,Sandals,Footwear,1,1200,15,1020.0,650,370.0
5024,2025-04-02,Vikram Nair,North,In-Store,Cash,Sandals,Footwear,3,1200,10,3240.0,1950,1290.0
5025,2024-11-28,Sanjay Pillai,West,In-Store,UPI,Sandals,Footwear,2,1200,20,1920.0,1300,620.0
5026,2025-01-21,Karan Kapoor,Central,In-Store,Credit Card,Football,Sports,1,1100,5,1045.0,550,495.0
5027,2025-04-20,Amit Reddy,West,In-Store,UPI,Dumbbell Set,Sports,2,4200,0,8400.0,4600,3800.0
5028,2024-11-17,Simran Kaur,North,Online,UPI,Cotton T-Shirt,Apparel,3,699,20,1677.6,960,717.6
5029,2025-05-30,Ritu Chawla,West,In-Store,Credit Card,Wrist Watch,Accessories,5,6500,0,32500.0,17000,15500.0
5030,2025-06-04,Isha Kulkarni,East,In-Store,Cash,Cotton T-Shirt,Apparel,5,699,10,3145.5,1600,1545.5
5031,2024-07-13,Amit Reddy,Central,In-Store,UPI,Winter Coat,Apparel,1,5500,0,5500.0,3100,2400.0
5032,2025-03-06,Sneha Iyer,North,In-Store,Net Banking,Wrist Watch,Accessories,5,6500,0,32500.0,17000,15500.0
5033,2025-03-29,Kavya Shetty,Central,Online,Net Banking,Formal Shoes,Footwear,2,4500,0,9000.0,5200,3800.0
5034,2024-02-19,Tanvi Agarwal,West,Online,Cash,Cricket Bat,Sports,5,3500,20,14000.0,9500,4500.0
5035,2025-02-18,Simran Kaur,West,Online,UPI,Leather Wallet,Accessories,4,1500,0,6000.0,2800,3200.0
5036,2025-05-13,Neha Menon,North,Online,UPI,Sunglasses,Accessories,3,1800,15,4590.0,2550,2040.0
5037,2024-08-09,Deepak Yadav,West,Online,Cash,Denim Jacket,Apparel,4,2800,5,10640.0,6000,4640.0
5038,2025-01-30,Divya Bose,Central,Online,Credit Card,Sandals,Footwear,3,1200,0,3600.0,1950,1650.0
5039,2024-11-15,Sanjay Pillai,South,Online,UPI,Formal Shoes,Footwear,5,4500,0,22500.0,13000,9500.0
5040,2025-01-19,Simran Kaur,West,In-Store,UPI,Cricket Bat,Sports,4,3500,0,14000.0,7600,6400.0
5041,2024-12-09,Meera Das,Central,In-Store,Cash,Formal Shoes,Footwear,1,4500,0,4500.0,2600,1900.0
5042,2025-06-11,Arjun Rao,South,In-Store,UPI,Denim Jacket,Apparel,5,2800,15,11900.0,7500,4400.0
5043,2024-10-11,Varun Mehta,West,Online,Net Banking,Sunglasses,Accessories,4,1800,5,6840.0,3400,3440.0
5044,2025-04-16,Isha Kulkarni,East,In-Store,Net Banking,Backpack,Accessories,3,2200,0,6600.0,3300,3300.0
5045,2024-07-11,Karan Kapoor,North,Online,Cash,Running Shoes,Footwear,1,3200,10,2880.0,1900,980.0
5046,2024-02-10,Sanjay Pillai,Central,Online,Net Banking,Denim Jacket,Apparel,1,2800,10,2520.0,1500,1020.0
5047,2024-05-31,Sneha Iyer,East,Online,Cash,Running Shoes,Footwear,3,3200,0,9600.0,5700,3900.0
5048,2024-05-18,Suresh Pandey,West,Online,Credit Card,Cotton T-Shirt,Apparel,2,699,5,1328.1,640,688.1
5049,2025-02-16,Ritu Chawla,South,Online,Net Banking,Football,Sports,1,1100,15,935.0,550,385.0
5050,2024-03-15,Amit Reddy,West,In-Store,UPI,Sandals,Footwear,1,1200,5,1140.0,650,490.0
5051,2025-06-23,Isha Kulkarni,Central,Online,Net Banking,Yoga Mat,Sports,3,900,0,2700.0,1350,1350.0
5052,2024-10-03,Vikram Nair,East,Online,Credit Card,Football,Sports,1,1100,15,935.0,550,385.0
5053,2024-03-10,Anjali Gupta,Central,Online,UPI,Winter Coat,Apparel,3,5500,0,16500.0,9300,7200.0
5054,2024-03-01,Anjali Gupta,North,Online,Cash,Yoga Mat,Sports,4,900,0,3600.0,1800,1800.0
5055,2024-02-03,Sneha Iyer,South,In-Store,Cash,Leather Wallet,Accessories,2,1500,15,2550.0,1400,1150.0
5056,2024-07-17,Simran Kaur,Central,Online,Cash,Dumbbell Set,Sports,2,4200,0,8400.0,4600,3800.0
5057,2025-05-29,Priya Verma,East,Online,UPI,Running Shoes,Footwear,3,3200,5,9120.0,5700,3420.0
5058,2025-05-04,Anjali Gupta,West,In-Store,Cash,Yoga Mat,Sports,1,900,0,900.0,450,450.0
5059,2025-06-30,Isha Kulkarni,North,In-Store,Net Banking,Denim Jacket,Apparel,4,2800,15,9520.0,6000,3520.0
5060,2025-01-10,Rahul Sharma,East,Online,Cash,Backpack,Accessories,1,2200,20,1760.0,1100,660.0
5061,2025-01-20,Nikhil Saxena,South,Online,Net Banking,Denim Jacket,Apparel,2,2800,10,5040.0,3000,2040.0
5062,2024-10-19,Deepak Yadav,West,In-Store,Cash,Formal Shoes,Footwear,2,4500,5,8550.0,5200,3350.0
5063,2024-07-01,Meera Das,Central,In-Store,Cash,Backpack,Accessories,2,2200,0,4400.0,2200,2200.0
5064,2025-03-09,Suresh Pandey,North,In-Store,UPI,Cricket Bat,Sports,1,3500,0,3500.0,1900,1600.0
5065,2025-06-29,Manoj Bhatt,East,In-Store,Cash,Formal Shoes,Footwear,2,4500,0,9000.0,5200,3800.0
5066,2025-03-10,Isha Kulkarni,West,In-Store,UPI,Yoga Mat,Sports,2,900,0,1800.0,900,900.0
5067,2024-07-07,Pooja Malhotra,West,Online,Net Banking,Cotton T-Shirt,Apparel,1,699,10,629.1,320,309.1
5068,2025-04-14,Karan Kapoor,North,In-Store,Cash,Backpack,Accessories,4,2200,20,7040.0,4400,2640.0
5069,2024-11-05,Simran Kaur,South,In-Store,UPI,Leather Wallet,Accessories,2,1500,5,2850.0,1400,1450.0
5070,2024-02-03,Rahul Sharma,Central,Online,Net Banking,Denim Jacket,Apparel,4,2800,0,11200.0,6000,5200.0
5071,2025-05-09,Tanvi Agarwal,North,Online,UPI,Sunglasses,Accessories,3,1800,5,5130.0,2550,2580.0
5072,2024-12-28,Sanjay Pillai,Central,Online,Credit Card,Dumbbell Set,Sports,3,4200,20,10080.0,6900,3180.0
5073,2024-04-17,Meera Das,East,In-Store,Net Banking,Football,Sports,1,1100,0,1100.0,550,550.0
5074,2024-12-07,Amit Reddy,East,Online,UPI,Sandals,Footwear,3,1200,0,3600.0,1950,1650.0
5075,2024-10-29,Nikhil Saxena,South,Online,UPI,Sunglasses,Accessories,4,1800,0,7200.0,3400,3800.0
5076,2024-02-02,Tanvi Agarwal,East,In-Store,Cash,Running Shoes,Footwear,2,3200,20,5120.0,3800,1320.0
5077,2024-05-24,Divya Bose,North,Online,Net Banking,Running Shoes,Footwear,1,3200,20,2560.0,1900,660.0
5078,2025-06-07,Rahul Sharma,South,Online,Net Banking,Sunglasses,Accessories,5,1800,10,8100.0,4250,3850.0
5079,2025-01-17,Pooja Malhotra,North,Online,Cash,Sandals,Footwear,3,1200,5,3420.0,1950,1470.0
5080,2025-03-30,Nikhil Saxena,West,In-Store,UPI,Sunglasses,Accessories,2,1800,0,3600.0,1700,1900.0
5081,2025-04-10,Neha Menon,Central,In-Store,Credit Card,Winter Coat,Apparel,4,5500,0,22000.0,12400,9600.0
5082,2024-06-18,Rahul Sharma,East,Online,Cash,Cotton T-Shirt,Apparel,2,699,0,1398.0,640,758.0
5083,2025-04-12,Anjali Gupta,South,Online,UPI,Dumbbell Set,Sports,2,4200,0,8400.0,4600,3800.0
5084,2024-04-24,Anjali Gupta,Central,Online,Net Banking,Formal Shoes,Footwear,1,4500,0,4500.0,2600,1900.0
5085,2024-08-01,Ritu Chawla,North,Online,UPI,Denim Jacket,Apparel,5,2800,10,12600.0,7500,5100.0
5086,2024-04-08,Neha Menon,South,Online,Credit Card,Leather Wallet,Accessories,3,1500,0,4500.0,2100,2400.0
5087,2025-01-01,Pooja Malhotra,North,Online,Credit Card,Leather Wallet,Accessories,5,1500,5,7125.0,3500,3625.0
5088,2024-07-05,Priya Verma,North,In-Store,Cash,Football,Sports,4,1100,15,3740.0,2200,1540.0
5089,2024-09-25,Manoj Bhatt,South,Online,Cash,Yoga Mat,Sports,4,900,15,3060.0,1800,1260.0
5090,2024-09-27,Sanjay Pillai,East,Online,Cash,Backpack,Accessories,1,2200,5,2090.0,1100,990.0
5091,2024-11-28,Vikram Nair,South,Online,Net Banking,Formal Shoes,Footwear,3,4500,15,11475.0,7800,3675.0
5092,2025-03-29,Neha Menon,North,Online,Net Banking,Wrist Watch,Accessories,1,6500,15,5525.0,3400,2125.0
5093,2025-04-29,Karan Kapoor,Central,In-Store,UPI,Running Shoes,Footwear,4,3200,15,10880.0,7600,3280.0
5094,2024-11-07,Isha Kulkarni,East,Online,Credit Card,Leather Wallet,Accessories,5,1500,0,7500.0,3500,4000.0
5095,2024-06-15,Priya Verma,South,Online,Cash,Running Shoes,Footwear,2,3200,20,5120.0,3800,1320.0
5096,2025-04-06,Neha Menon,East,Online,Net Banking,Denim Jacket,Apparel,3,2800,15,7140.0,4500,2640.0
5097,2024-07-04,Varun Mehta,East,Online,Cash,Winter Coat,Apparel,2,5500,0,11000.0,6200,4800.0
5098,2024-03-21,Priya Verma,South,In-Store,Cash,Winter Coat,Apparel,5,5500,5,26125.0,15500,10625.0
5099,2024-06-20,Simran Kaur,West,Online,Cash,Cotton T-Shirt,Apparel,2,699,20,1118.4,640,478.4
5100,2024-08-24,Sneha Iyer,North,In-Store,Net Banking,Denim Jacket,Apparel,4,2800,15,9520.0,6000,3520.0
5101,2025-06-10,Karan Kapoor,South,In-Store,Net Banking,Leather Wallet,Accessories,3,1500,20,3600.0,2100,1500.0
5102,2024-05-12,Manoj Bhatt,West,Online,Credit Card,Football,Sports,1,1100,0,1100.0,550,550.0
5103,2025-04-10,Sneha Iyer,West,Online,Cash,Formal Shoes,Footwear,2,4500,10,8100.0,5200,2900.0
5104,2024-10-29,Nikhil Saxena,West,In-Store,Cash,Leather Wallet,Accessories,4,1500,15,5100.0,2800,2300.0
5105,2024-04-28,Arjun Rao,East,Online,Net Banking,Dumbbell Set,Sports,3,4200,5,11970.0,6900,5070.0
5106,2024-11-16,Varun Mehta,East,In-Store,UPI,Wrist Watch,Accessories,3,6500,15,16575.0,10200,6375.0
5107,2024-12-26,Karan Kapoor,South,In-Store,Cash,Football,Sports,2,1100,0,2200.0,1100,1100.0
5108,2024-12-14,Priya Verma,South,In-Store,UPI,Wrist Watch,Accessories,1,6500,0,6500.0,3400,3100.0
5109,2024-01-30,Anjali Gupta,East,Online,UPI,Dumbbell Set,Sports,2,4200,20,6720.0,4600,2120.0
5110,2024-11-26,Isha Kulkarni,South,Online,UPI,Formal Shoes,Footwear,2,4500,15,7650.0,5200,2450.0
5111,2024-11-11,Pooja Malhotra,East,Online,Net Banking,Leather Wallet,Accessories,3,1500,15,3825.0,2100,1725.0
5112,2024-02-12,Neha Menon,East,Online,Cash,Dumbbell Set,Sports,4,4200,20,13440.0,9200,4240.0
5113,2024-07-12,Amit Reddy,Central,In-Store,Net Banking,Sunglasses,Accessories,2,1800,0,3600.0,1700,1900.0
5114,2025-03-24,Priya Verma,West,In-Store,Credit Card,Cricket Bat,Sports,5,3500,5,16625.0,9500,7125.0
5115,2024-06-19,Ritu Chawla,North,Online,Credit Card,Cricket Bat,Sports,1,3500,0,3500.0,1900,1600.0
5116,2025-06-17,Vikram Nair,North,Online,Credit Card,Dumbbell Set,Sports,4,4200,0,16800.0,9200,7600.0
5117,2025-02-21,Meera Das,Central,In-Store,Net Banking,Sunglasses,Accessories,3,1800,0,5400.0,2550,2850.0
5118,2024-11-01,Nikhil Saxena,South,Online,UPI,Sandals,Footwear,4,1200,15,4080.0,2600,1480.0
5119,2024-11-17,Ritu Chawla,East,In-Store,Net Banking,Wrist Watch,Accessories,1,6500,0,6500.0,3400,3100.0
5120,2025-06-30,Manoj Bhatt,North,In-Store,UPI,Denim Jacket,Apparel,4,2800,0,11200.0,6000,5200.0
5121,2025-04-28,Divya Bose,Central,In-Store,Net Banking,Cotton T-Shirt,Apparel,2,699,15,1188.3,640,548.3
5122,2024-11-18,Rohan Chatterjee,Central,Online,Net Banking,Wrist Watch,Accessories,4,6500,20,20800.0,13600,7200.0
5123,2024-08-23,Nikhil Saxena,East,Online,UPI,Wrist Watch,Accessories,5,6500,0,32500.0,17000,15500.0
5124,2024-04-06,Simran Kaur,South,Online,Net Banking,Leather Wallet,Accessories,5,1500,10,6750.0,3500,3250.0
5125,2024-10-03,Neha Menon,Central,Online,Credit Card,Dumbbell Set,Sports,3,4200,10,11340.0,6900,4440.0
5126,2024-03-05,Karan Kapoor,Central,Online,Credit Card,Wrist Watch,Accessories,5,6500,10,29250.0,17000,12250.0
5127,2024-08-30,Nikhil Saxena,West,In-Store,Net Banking,Cotton T-Shirt,Apparel,5,699,15,2970.75,1600,1370.75
5128,2024-07-03,Pooja Malhotra,South,Online,Cash,Leather Wallet,Accessories,4,1500,0,6000.0,2800,3200.0
5129,2024-09-23,Simran Kaur,West,Online,UPI,Running Shoes,Footwear,3,3200,0,9600.0,5700,3900.0
5130,2025-01-18,Rohan Chatterjee,Central,Online,Credit Card,Cotton T-Shirt,Apparel,2,699,0,1398.0,640,758.0
5131,2024-07-09,Sneha Iyer,East,In-Store,UPI,Sandals,Footwear,5,1200,0,6000.0,3250,2750.0
5132,2024-11-18,Isha Kulkarni,Central,In-Store,Credit Card,Running Shoes,Footwear,1,3200,20,2560.0,1900,660.0
5133,2025-05-07,Suresh Pandey,Central,Online,Net Banking,Leather Wallet,Accessories,3,1500,5,4275.0,2100,2175.0
5134,2024-02-12,Anjali Gupta,South,Online,Net Banking,Yoga Mat,Sports,4,900,0,3600.0,1800,1800.0
5135,2025-02-17,Sanjay Pillai,East,Online,UPI,Yoga Mat,Sports,5,900,20,3600.0,2250,1350.0
5136,2024-07-02,Sneha Iyer,North,In-Store,Credit Card,Formal Shoes,Footwear,4,4500,20,14400.0,10400,4000.0
5137,2024-12-11,Ritu Chawla,West,In-Store,Net Banking,Cotton T-Shirt,Apparel,1,699,20,559.2,320,239.2
5138,2025-02-15,Priya Verma,Central,Online,UPI,Winter Coat,Apparel,5,5500,5,26125.0,15500,10625.0
5139,2024-03-31,Rohan Chatterjee,North,Online,Net Banking,Yoga Mat,Sports,4,900,20,2880.0,1800,1080.0
5140,2025-05-05,Deepak Yadav,East,In-Store,Credit Card,Leather Wallet,Accessories,2,1500,15,2550.0,1400,1150.0
5141,2024-02-25,Deepak Yadav,Central,Online,Net Banking,Cotton T-Shirt,Apparel,3,699,10,1887.3,960,927.3
5142,2025-03-12,Neha Menon,West,Online,Cash,Football,Sports,2,1100,0,2200.0,1100,1100.0
5143,2025-01-05,Divya Bose,East,In-Store,Credit Card,Yoga Mat,Sports,1,900,0,900.0,450,450.0
5144,2024-03-12,Tanvi Agarwal,North,In-Store,Net Banking,Winter Coat,Apparel,4,5500,0,22000.0,12400,9600.0
5145,2025-02-03,Neha Menon,Central,Online,UPI,Sandals,Footwear,5,1200,15,5100.0,3250,1850.0
5146,2024-03-20,Karan Kapoor,East,Online,Net Banking,Sunglasses,Accessories,1,1800,10,1620.0,850,770.0
5147,2024-05-28,Amit Reddy,Central,Online,Net Banking,Denim Jacket,Apparel,4,2800,20,8960.0,6000,2960.0
5148,2024-08-20,Neha Menon,East,In-Store,Credit Card,Sandals,Footwear,2,1200,0,2400.0,1300,1100.0
5149,2024-12-07,Isha Kulkarni,West,Online,UPI,Backpack,Accessories,1,2200,5,2090.0,1100,990.0
5150,2024-10-15,Amit Reddy,Central,In-Store,Credit Card,Cricket Bat,Sports,2,3500,5,6650.0,3800,2850.0
5151,2025-01-27,Pooja Malhotra,East,Online,Net Banking,Cricket Bat,Sports,3,3500,0,10500.0,5700,4800.0
5152,2024-01-21,Ritu Chawla,South,Online,Net Banking,Wrist Watch,Accessories,5,6500,5,30875.0,17000,13875.0
5153,2024-11-18,Varun Mehta,West,In-Store,Credit Card,Backpack,Accessories,3,2200,20,5280.0,3300,1980.0
5154,2024-02-21,Arjun Rao,East,Online,Credit Card,Sandals,Footwear,5,1200,0,6000.0,3250,2750.0
5155,2024-02-07,Arjun Rao,Central,In-Store,Net Banking,Backpack,Accessories,5,2200,0,11000.0,5500,5500.0
5156,2024-01-26,Amit Reddy,East,Online,Credit Card,Football,Sports,5,1100,0,5500.0,2750,2750.0
5157,2025-01-24,Kavya Shetty,West,In-Store,Cash,Formal Shoes,Footwear,4,4500,15,15300.0,10400,4900.0
5158,2024-12-14,Neha Menon,Central,In-Store,UPI,Running Shoes,Footwear,2,3200,20,5120.0,3800,1320.0
5159,2025-05-03,Varun Mehta,West,In-Store,UPI,Running Shoes,Footwear,5,3200,0,16000.0,9500,6500.0
5160,2025-05-06,Arjun Rao,North,Online,Cash,Dumbbell Set,Sports,1,4200,0,4200.0,2300,1900.0
5161,2024-08-17,Kavya Shetty,South,Online,Cash,Dumbbell Set,Sports,4,4200,0,16800.0,9200,7600.0
5162,2024-02-22,Vikram Nair,South,Online,Cash,Leather Wallet,Accessories,3,1500,0,4500.0,2100,2400.0
5163,2025-01-03,Sanjay Pillai,East,Online,UPI,Dumbbell Set,Sports,3,4200,20,10080.0,6900,3180.0
5164,2024-02-03,Arjun Rao,South,Online,Net Banking,Denim Jacket,Apparel,5,2800,0,14000.0,7500,6500.0
5165,2024-12-13,Vikram Nair,Central,Online,Credit Card,Backpack,Accessories,1,2200,20,1760.0,1100,660.0
5166,2025-04-16,Anjali Gupta,West,In-Store,Net Banking,Dumbbell Set,Sports,5,4200,0,21000.0,11500,9500.0
5167,2025-06-15,Pooja Malhotra,West,In-Store,UPI,Sandals,Footwear,5,1200,20,4800.0,3250,1550.0
5168,2025-06-13,Ritu Chawla,North,Online,Credit Card,Wrist Watch,Accessories,5,6500,5,30875.0,17000,13875.0
5169,2024-11-22,Arjun Rao,West,In-Store,Cash,Running Shoes,Footwear,3,3200,0,9600.0,5700,3900.0
5170,2024-11-08,Kavya Shetty,South,Online,Cash,Sunglasses,Accessories,3,1800,5,5130.0,2550,2580.0
5171,2024-06-28,Varun Mehta,West,Online,Net Banking,Denim Jacket,Apparel,5,2800,0,14000.0,7500,6500.0
5172,2024-09-06,Simran Kaur,Central,Online,Credit Card,Leather Wallet,Accessories,2,1500,0,3000.0,1400,1600.0
5173,2024-12-27,Vikram Nair,West,In-Store,Cash,Wrist Watch,Accessories,4,6500,5,24700.0,13600,11100.0
5174,2024-11-18,Amit Reddy,South,Online,UPI,Wrist Watch,Accessories,1,6500,20,5200.0,3400,1800.0
5175,2024-11-27,Meera Das,East,In-Store,Cash,Backpack,Accessories,1,2200,0,2200.0,1100,1100.0
5176,2024-01-01,Sanjay Pillai,East,Online,UPI,Yoga Mat,Sports,1,900,0,900.0,450,450.0
5177,2024-07-30,Neha Menon,West,Online,Net Banking,Sandals,Footwear,5,1200,0,6000.0,3250,2750.0
5178,2024-03-20,Aditya Joshi,North,Online,Net Banking,Leather Wallet,Accessories,5,1500,0,7500.0,3500,4000.0
5179,2024-05-16,Kavya Shetty,West,In-Store,UPI,Sandals,Footwear,1,1200,0,1200.0,650,550.0
5180,2024-12-19,Vikram Nair,South,Online,Credit Card,Cotton T-Shirt,Apparel,2,699,5,1328.1,640,688.1
5181,2024-12-31,Simran Kaur,West,Online,Cash,Football,Sports,5,1100,10,4950.0,2750,2200.0
5182,2025-04-07,Pooja Malhotra,East,In-Store,Credit Card,Leather Wallet,Accessories,2,1500,0,3000.0,1400,1600.0
5183,2024-05-12,Divya Bose,West,Online,Net Banking,Dumbbell Set,Sports,1,4200,0,4200.0,2300,1900.0
5184,2024-12-24,Sanjay Pillai,Central,In-Store,Credit Card,Cotton T-Shirt,Apparel,2,699,5,1328.1,640,688.1
5185,2024-09-26,Deepak Yadav,West,In-Store,Cash,Running Shoes,Footwear,2,3200,0,6400.0,3800,2600.0
5186,2025-03-18,Rahul Sharma,South,In-Store,Cash,Formal Shoes,Footwear,4,4500,5,17100.0,10400,6700.0
5187,2024-04-15,Vikram Nair,East,Online,UPI,Cricket Bat,Sports,2,3500,0,7000.0,3800,3200.0
5188,2025-04-14,Nikhil Saxena,Central,In-Store,Credit Card,Cotton T-Shirt,Apparel,4,699,10,2516.4,1280,1236.4
5189,2024-06-12,Vikram Nair,North,In-Store,Cash,Formal Shoes,Footwear,4,4500,0,18000.0,10400,7600.0
5190,2024-10-18,Meera Das,East,In-Store,Credit Card,Denim Jacket,Apparel,3,2800,0,8400.0,4500,3900.0
5191,2025-05-27,Kavya Shetty,East,Online,Cash,Formal Shoes,Footwear,3,4500,0,13500.0,7800,5700.0
5192,2025-03-21,Deepak Yadav,South,Online,Net Banking,Running Shoes,Footwear,3,3200,20,7680.0,5700,1980.0
5193,2024-10-02,Karan Kapoor,West,Online,Net Banking,Yoga Mat,Sports,2,900,20,1440.0,900,540.0
5194,2024-08-26,Amit Reddy,West,Online,Net Banking,Formal Shoes,Footwear,5,4500,20,18000.0,13000,5000.0
5195,2024-11-04,Isha Kulkarni,North,Online,UPI,Yoga Mat,Sports,1,900,0,900.0,450,450.0
5196,2024-08-25,Rahul Sharma,Central,Online,Credit Card,Sunglasses,Accessories,1,1800,10,1620.0,850,770.0
5197,2024-12-04,Manoj Bhatt,Central,Online,Credit Card,Dumbbell Set,Sports,2,4200,0,8400.0,4600,3800.0
5198,2025-03-24,Rahul Sharma,East,In-Store,Net Banking,Sandals,Footwear,4,1200,0,4800.0,2600,2200.0
5199,2024-09-10,Manoj Bhatt,Central,In-Store,UPI,Sunglasses,Accessories,2,1800,0,3600.0,1700,1900.0
5200,2024-07-28,Vikram Nair,South,Online,Cash,Winter Coat,Apparel,2,5500,10,9900.0,6200,3700.0
5201,2025-02-02,Manoj Bhatt,West,In-Store,Credit Card,Dumbbell Set,Sports,2,4200,5,7980.0,4600,3380.0
5202,2024-03-26,Aditya Joshi,North,Online,Cash,Sunglasses,Accessories,2,1800,10,3240.0,1700,1540.0
5203,2025-05-17,Anjali Gupta,North,Online,Credit Card,Leather Wallet,Accessories,1,1500,10,1350.0,700,650.0
5204,2024-05-12,Rahul Sharma,South,Online,Cash,Cotton T-Shirt,Apparel,3,699,10,1887.3,960,927.3
5205,2024-05-28,Varun Mehta,South,In-Store,Cash,Winter Coat,Apparel,4,5500,15,18700.0,12400,6300.0
5206,2025-06-19,Rahul Sharma,East,Online,Net Banking,Sunglasses,Accessories,3,1800,0,5400.0,2550,2850.0
5207,2025-06-23,Divya Bose,North,In-Store,Cash,Running Shoes,Footwear,5,3200,5,15200.0,9500,5700.0
5208,2025-04-23,Varun Mehta,East,Online,Credit Card,Formal Shoes,Footwear,2,4500,0,9000.0,5200,3800.0
5209,2024-01-11,Vikram Nair,North,Online,Net Banking,Yoga Mat,Sports,5,900,0,4500.0,2250,2250.0
5210,2025-02-12,Pooja Malhotra,West,In-Store,UPI,Sandals,Footwear,5,1200,0,6000.0,3250,2750.0
5211,2024-07-23,Ritu Chawla,Central,In-Store,UPI,Sunglasses,Accessories,3,1800,0,5400.0,2550,2850.0
5212,2024-08-14,Varun Mehta,North,Online,Credit Card,Leather Wallet,Accessories,2,1500,15,2550.0,1400,1150.0
5213,2025-01-19,Sanjay Pillai,North,In-Store,UPI,Winter Coat,Apparel,5,5500,15,23375.0,15500,7875.0
5214,2025-03-09,Vikram Nair,South,Online,Net Banking,Leather Wallet,Accessories,5,1500,0,7500.0,3500,4000.0
5215,2024-01-11,Ritu Chawla,South,In-Store,Credit Card,Formal Shoes,Footwear,4,4500,5,17100.0,10400,6700.0
5216,2024-04-02,Amit Reddy,Central,Online,Net Banking,Running Shoes,Footwear,3,3200,20,7680.0,5700,1980.0
5217,2024-06-23,Deepak Yadav,North,Online,UPI,Formal Shoes,Footwear,5,4500,20,18000.0,13000,5000.0
5218,2024-11-01,Divya Bose,Central,Online,UPI,Formal Shoes,Footwear,1,4500,10,4050.0,2600,1450.0
5219,2025-03-23,Divya Bose,West,In-Store,Net Banking,Sunglasses,Accessories,5,1800,0,9000.0,4250,4750.0
5220,2025-01-03,Tanvi Agarwal,East,Online,Net Banking,Winter Coat,Apparel,5,5500,10,24750.0,15500,9250.0
5221,2025-05-20,Priya Verma,South,Online,Cash,Wrist Watch,Accessories,1,6500,20,5200.0,3400,1800.0
5222,2024-12-09,Divya Bose,South,Online,Credit Card,Formal Shoes,Footwear,5,4500,5,21375.0,13000,8375.0
5223,2024-08-31,Nikhil Saxena,East,Online,Cash,Backpack,Accessories,5,2200,0,11000.0,5500,5500.0
5224,2024-07-04,Amit Reddy,South,In-Store,Credit Card,Cricket Bat,Sports,4,3500,0,14000.0,7600,6400.0
5225,2024-03-26,Nikhil Saxena,West,Online,Net Banking,Dumbbell Set,Sports,5,4200,20,16800.0,11500,5300.0
5226,2025-02-28,Anjali Gupta,West,Online,Credit Card,Cotton T-Shirt,Apparel,5,699,0,3495.0,1600,1895.0
5227,2024-04-02,Sanjay Pillai,South,Online,Cash,Football,Sports,1,1100,0,1100.0,550,550.0
5228,2024-02-19,Anjali Gupta,North,Online,Net Banking,Backpack,Accessories,3,2200,0,6600.0,3300,3300.0
5229,2024-04-29,Arjun Rao,East,In-Store,Cash,Formal Shoes,Footwear,2,4500,5,8550.0,5200,3350.0
5230,2024-06-18,Ritu Chawla,North,Online,UPI,Winter Coat,Apparel,1,5500,15,4675.0,3100,1575.0
5231,2024-05-21,Kavya Shetty,North,In-Store,Net Banking,Running Shoes,Footwear,2,3200,10,5760.0,3800,1960.0
5232,2024-04-12,Divya Bose,North,In-Store,Net Banking,Denim Jacket,Apparel,1,2800,15,2380.0,1500,880.0
5233,2025-05-01,Anjali Gupta,South,In-Store,UPI,Winter Coat,Apparel,5,5500,20,22000.0,15500,6500.0
5234,2025-01-23,Arjun Rao,North,In-Store,Credit Card,Wrist Watch,Accessories,1,6500,0,6500.0,3400,3100.0
5235,2025-03-23,Divya Bose,West,Online,UPI,Leather Wallet,Accessories,5,1500,0,7500.0,3500,4000.0
5236,2024-01-13,Aditya Joshi,South,In-Store,Net Banking,Football,Sports,2,1100,20,1760.0,1100,660.0
5237,2025-01-01,Manoj Bhatt,West,Online,Credit Card,Sandals,Footwear,5,1200,5,5700.0,3250,2450.0
5238,2025-02-28,Tanvi Agarwal,North,In-Store,Credit Card,Denim Jacket,Apparel,3,2800,0,8400.0,4500,3900.0
5239,2024-12-23,Vikram Nair,North,Online,Cash,Football,Sports,4,1100,0,4400.0,2200,2200.0
5240,2024-03-24,Vikram Nair,South,In-Store,Cash,Football,Sports,2,1100,0,2200.0,1100,1100.0
5241,2024-11-25,Sneha Iyer,Central,Online,UPI,Yoga Mat,Sports,5,900,20,3600.0,2250,1350.0
5242,2025-01-15,Priya Verma,Central,Online,Credit Card,Winter Coat,Apparel,5,5500,10,24750.0,15500,9250.0
5243,2024-12-17,Tanvi Agarwal,North,In-Store,Net Banking,Sunglasses,Accessories,5,1800,15,7650.0,4250,3400.0
5244,2024-09-15,Rahul Sharma,South,Online,Credit Card,Cricket Bat,Sports,2,3500,15,5950.0,3800,2150.0
5245,2024-04-22,Anjali Gupta,South,Online,UPI,Sunglasses,Accessories,2,1800,0,3600.0,1700,1900.0
5246,2024-09-06,Sanjay Pillai,West,Online,Cash,Sandals,Footwear,5,1200,5,5700.0,3250,2450.0
5247,2024-05-18,Meera Das,Central,In-Store,Cash,Winter Coat,Apparel,4,5500,20,17600.0,12400,5200.0
5248,2025-03-08,Isha Kulkarni,West,Online,UPI,Wrist Watch,Accessories,5,6500,0,32500.0,17000,15500.0
5249,2024-03-13,Rohan Chatterjee,South,Online,Net Banking,Sunglasses,Accessories,2,1800,15,3060.0,1700,1360.0
5250,2024-07-24,Neha Menon,West,In-Store,Credit Card,Backpack,Accessories,5,2200,15,9350.0,5500,3850.0
5251,2024-03-13,Rahul Sharma,South,In-Store,Net Banking,Sandals,Footwear,2,1200,15,2040.0,1300,740.0
5252,2024-08-01,Pooja Malhotra,West,Online,Cash,Leather Wallet,Accessories,1,1500,20,1200.0,700,500.0
5253,2024-08-20,Ritu Chawla,North,In-Store,Net Banking,Cotton T-Shirt,Apparel,3,699,10,1887.3,960,927.3
5254,2024-07-24,Divya Bose,South,Online,Credit Card,Football,Sports,1,1100,10,990.0,550,440.0
5255,2025-06-16,Rohan Chatterjee,South,Online,Net Banking,Cricket Bat,Sports,1,3500,15,2975.0,1900,1075.0
5256,2024-02-01,Ritu Chawla,Central,Online,Cash,Cricket Bat,Sports,2,3500,5,6650.0,3800,2850.0
5257,2025-04-16,Suresh Pandey,East,Online,Cash,Denim Jacket,Apparel,4,2800,15,9520.0,6000,3520.0
5258,2025-06-23,Simran Kaur,Central,In-Store,Credit Card,Denim Jacket,Apparel,5,2800,20,11200.0,7500,3700.0
5259,2024-10-28,Arjun Rao,North,Online,Credit Card,Backpack,Accessories,2,2200,0,4400.0,2200,2200.0
5260,2024-03-28,Simran Kaur,West,In-Store,Credit Card,Leather Wallet,Accessories,2,1500,0,3000.0,1400,1600.0
5261,2025-02-13,Arjun Rao,North,In-Store,UPI,Sandals,Footwear,2,1200,0,2400.0,1300,1100.0
5262,2025-04-13,Simran Kaur,Central,Online,Net Banking,Football,Sports,5,1100,10,4950.0,2750,2200.0
5263,2024-12-08,Priya Verma,North,Online,Cash,Denim Jacket,Apparel,3,2800,0,8400.0,4500,3900.0
5264,2025-01-08,Kavya Shetty,East,Online,Net Banking,Cricket Bat,Sports,5,3500,0,17500.0,9500,8000.0
5265,2024-11-15,Amit Reddy,Central,In-Store,Net Banking,Wrist Watch,Accessories,2,6500,0,13000.0,6800,6200.0
5266,2024-11-21,Suresh Pandey,South,Online,Credit Card,Dumbbell Set,Sports,4,4200,0,16800.0,9200,7600.0
5267,2024-11-15,Tanvi Agarwal,North,In-Store,Cash,Leather Wallet,Accessories,4,1500,10,5400.0,2800,2600.0
5268,2025-01-20,Arjun Rao,South,Online,Cash,Football,Sports,4,1100,0,4400.0,2200,2200.0
5269,2024-07-06,Ritu Chawla,Central,In-Store,UPI,Cotton T-Shirt,Apparel,2,699,0,1398.0,640,758.0
5270,2024-03-06,Aditya Joshi,East,Online,Credit Card,Football,Sports,4,1100,10,3960.0,2200,1760.0
5271,2024-07-18,Manoj Bhatt,East,Online,UPI,Formal Shoes,Footwear,1,4500,10,4050.0,2600,1450.0
5272,2025-01-17,Anjali Gupta,East,Online,Net Banking,Dumbbell Set,Sports,2,4200,0,8400.0,4600,3800.0
5273,2024-06-25,Varun Mehta,Central,Online,UPI,Wrist Watch,Accessories,2,6500,15,11050.0,6800,4250.0
5274,2025-03-12,Suresh Pandey,West,In-Store,Cash,Wrist Watch,Accessories,1,6500,0,6500.0,3400,3100.0
5275,2024-03-27,Manoj Bhatt,Central,Online,UPI,Football,Sports,4,1100,0,4400.0,2200,2200.0
5276,2024-01-23,Divya Bose,West,In-Store,Credit Card,Cricket Bat,Sports,1,3500,0,3500.0,1900,1600.0
5277,2024-05-24,Aditya Joshi,Central,Online,UPI,Yoga Mat,Sports,4,900,0,3600.0,1800,1800.0
5278,2025-01-09,Neha Menon,East,Online,UPI,Sunglasses,Accessories,1,1800,5,1710.0,850,860.0
5279,2024-03-27,Sanjay Pillai,North,Online,UPI,Football,Sports,5,1100,20,4400.0,2750,1650.0
5280,2025-04-09,Nikhil Saxena,North,In-Store,Cash,Backpack,Accessories,5,2200,10,9900.0,5500,4400.0
5281,2024-03-18,Nikhil Saxena,East,Online,Cash,Winter Coat,Apparel,5,5500,0,27500.0,15500,12000.0
5282,2024-11-19,Varun Mehta,North,In-Store,Credit Card,Cotton T-Shirt,Apparel,3,699,0,2097.0,960,1137.0
5283,2024-03-13,Kavya Shetty,East,Online,Credit Card,Dumbbell Set,Sports,5,4200,15,17850.0,11500,6350.0
5284,2024-02-17,Ritu Chawla,Central,Online,UPI,Leather Wallet,Accessories,3,1500,0,4500.0,2100,2400.0
5285,2024-02-08,Karan Kapoor,West,Online,UPI,Yoga Mat,Sports,2,900,0,1800.0,900,900.0
5286,2025-01-09,Divya Bose,North,In-Store,Cash,Winter Coat,Apparel,3,5500,15,14025.0,9300,4725.0
5287,2024-06-19,Manoj Bhatt,North,Online,Net Banking,Leather Wallet,Accessories,1,1500,5,1425.0,700,725.0
5288,2024-07-09,Amit Reddy,East,Online,Net Banking,Yoga Mat,Sports,4,900,10,3240.0,1800,1440.0
5289,2024-04-02,Sanjay Pillai,West,Online,Cash,Cricket Bat,Sports,4,3500,20,11200.0,7600,3600.0
5290,2025-03-15,Meera Das,South,In-Store,Credit Card,Wrist Watch,Accessories,1,6500,10,5850.0,3400,2450.0
5291,2024-08-11,Sneha Iyer,West,Online,Credit Card,Formal Shoes,Footwear,2,4500,15,7650.0,5200,2450.0
5292,2024-08-29,Arjun Rao,South,Online,Net Banking,Denim Jacket,Apparel,3,2800,0,8400.0,4500,3900.0
5293,2024-03-03,Arjun Rao,Central,Online,UPI,Backpack,Accessories,4,2200,5,8360.0,4400,3960.0
5294,2024-04-30,Suresh Pandey,North,Online,Cash,Sunglasses,Accessories,1,1800,0,1800.0,850,950.0
5295,2025-03-17,Karan Kapoor,North,Online,Credit Card,Sunglasses,Accessories,5,1800,20,7200.0,4250,2950.0
5296,2025-01-25,Amit Reddy,South,In-Store,Cash,Formal Shoes,Footwear,1,4500,0,4500.0,2600,1900.0
5297,2025-02-21,Sneha Iyer,West,In-Store,UPI,Cotton T-Shirt,Apparel,2,699,0,1398.0,640,758.0
5298,2025-04-22,Rahul Sharma,North,In-Store,Cash,Dumbbell Set,Sports,2,4200,0,8400.0,4600,3800.0
5299,2024-02-07,Neha Menon,North,In-Store,Credit Card,Sunglasses,Accessories,5,1800,10,8100.0,4250,3850.0
5300,2024-01-24,Rahul Sharma,Central,Online,Net Banking,Denim Jacket,Apparel,3,2800,20,6720.0,4500,2220.0
5301,2025-01-18,Amit Reddy,Central,Online,Cash,Leather Wallet,Accessories,5,1500,0,7500.0,3500,4000.0
5302,2025-06-19,Sanjay Pillai,Central,Online,Credit Card,Sandals,Footwear,5,1200,10,5400.0,3250,2150.0
5303,2024-06-01,Sneha Iyer,East,Online,UPI,Sunglasses,Accessories,4,1800,20,5760.0,3400,2360.0
5304,2025-06-23,Anjali Gupta,North,Online,UPI,Sandals,Footwear,4,1200,0,4800.0,2600,2200.0
5305,2025-04-20,Nikhil Saxena,North,Online,UPI,Cotton T-Shirt,Apparel,5,699,10,3145.5,1600,1545.5
5306,2024-07-31,Tanvi Agarwal,Central,Online,Credit Card,Dumbbell Set,Sports,2,4200,15,7140.0,4600,2540.0
5307,2024-02-13,Varun Mehta,East,In-Store,Net Banking,Wrist Watch,Accessories,1,6500,10,5850.0,3400,2450.0
5308,2025-01-19,Vikram Nair,West,In-Store,Credit Card,Wrist Watch,Accessories,5,6500,10,29250.0,17000,12250.0
5309,2025-01-04,Priya Verma,North,In-Store,UPI,Leather Wallet,Accessories,3,1500,0,4500.0,2100,2400.0
5310,2024-09-12,Sneha Iyer,East,Online,Net Banking,Sandals,Footwear,4,1200,20,3840.0,2600,1240.0
5311,2024-04-26,Deepak Yadav,East,In-Store,Cash,Leather Wallet,Accessories,4,1500,5,5700.0,2800,2900.0
5312,2024-07-11,Nikhil Saxena,South,Online,Credit Card,Football,Sports,4,1100,0,4400.0,2200,2200.0
5313,2024-11-10,Neha Menon,West,Online,Net Banking,Cotton T-Shirt,Apparel,2,699,0,1398.0,640,758.0
5314,2024-04-03,Neha Menon,West,In-Store,Net Banking,Football,Sports,5,1100,10,4950.0,2750,2200.0
5315,2024-01-22,Varun Mehta,East,Online,UPI,Yoga Mat,Sports,5,900,0,4500.0,2250,2250.0
5316,2024-03-22,Tanvi Agarwal,North,Online,UPI,Sunglasses,Accessories,3,1800,15,4590.0,2550,2040.0
5317,2024-05-15,Sanjay Pillai,Central,In-Store,Net Banking,Running Shoes,Footwear,1,3200,5,3040.0,1900,1140.0
5318,2024-10-12,Sanjay Pillai,East,Online,Cash,Winter Coat,Apparel,3,5500,5,15675.0,9300,6375.0
5319,2024-10-23,Vikram Nair,West,Online,Net Banking,Winter Coat,Apparel,2,5500,20,8800.0,6200,2600.0
5320,2024-04-03,Arjun Rao,West,Online,Net Banking,Winter Coat,Apparel,5,5500,0,27500.0,15500,12000.0
5321,2024-11-27,Sneha Iyer,Central,Online,UPI,Sandals,Footwear,4,1200,0,4800.0,2600,2200.0
5322,2025-06-27,Rohan Chatterjee,West,In-Store,Net Banking,Sandals,Footwear,5,1200,5,5700.0,3250,2450.0
5323,2024-01-21,Anjali Gupta,South,In-Store,UPI,Cricket Bat,Sports,4,3500,0,14000.0,7600,6400.0
5324,2025-05-31,Pooja Malhotra,Central,In-Store,Cash,Football,Sports,3,1100,15,2805.0,1650,1155.0
5325,2025-05-25,Amit Reddy,Central,In-Store,Credit Card,Wrist Watch,Accessories,5,6500,10,29250.0,17000,12250.0
5326,2024-04-16,Varun Mehta,East,Online,Cash,Dumbbell Set,Sports,4,4200,10,15120.0,9200,5920.0
5327,2024-02-28,Divya Bose,Central,Online,UPI,Yoga Mat,Sports,3,900,0,2700.0,1350,1350.0
5328,2025-03-17,Priya Verma,North,Online,Cash,Denim Jacket,Apparel,1,2800,20,2240.0,1500,740.0
5329,2024-07-14,Tanvi Agarwal,North,Online,Net Banking,Cricket Bat,Sports,1,3500,0,3500.0,1900,1600.0
5330,2024-10-13,Vikram Nair,South,In-Store,Cash,Formal Shoes,Footwear,3,4500,20,10800.0,7800,3000.0
5331,2024-10-05,Sneha Iyer,South,Online,Credit Card,Sandals,Footwear,2,1200,15,2040.0,1300,740.0
5332,2024-09-10,Suresh Pandey,South,In-Store,UPI,Sandals,Footwear,1,1200,20,960.0,650,310.0
5333,2025-04-25,Amit Reddy,South,Online,UPI,Cotton T-Shirt,Apparel,3,699,0,2097.0,960,1137.0
5334,2024-10-28,Meera Das,West,In-Store,Cash,Cotton T-Shirt,Apparel,5,699,15,2970.75,1600,1370.75
5335,2024-02-14,Meera Das,East,Online,Credit Card,Cricket Bat,Sports,5,3500,20,14000.0,9500,4500.0
5336,2024-04-07,Vikram Nair,East,In-Store,Net Banking,Cricket Bat,Sports,1,3500,5,3325.0,1900,1425.0
5337,2024-08-12,Suresh Pandey,North,Online,Net Banking,Leather Wallet,Accessories,2,1500,20,2400.0,1400,1000.0
5338,2024-10-28,Vikram Nair,North,Online,Net Banking,Yoga Mat,Sports,1,900,0,900.0,450,450.0
5339,2024-04-05,Aditya Joshi,South,In-Store,Credit Card,Yoga Mat,Sports,4,900,5,3420.0,1800,1620.0
5340,2024-06-23,Anjali Gupta,West,In-Store,Cash,Winter Coat,Apparel,4,5500,0,22000.0,12400,9600.0
5341,2024-11-26,Suresh Pandey,East,In-Store,Cash,Backpack,Accessories,5,2200,20,8800.0,5500,3300.0
5342,2024-05-25,Meera Das,South,Online,Cash,Dumbbell Set,Sports,1,4200,0,4200.0,2300,1900.0
5343,2024-03-20,Kavya Shetty,South,Online,UPI,Cotton T-Shirt,Apparel,2,699,15,1188.3,640,548.3
5344,2025-01-28,Kavya Shetty,South,In-Store,Net Banking,Dumbbell Set,Sports,5,4200,15,17850.0,11500,6350.0
5345,2024-10-26,Sanjay Pillai,North,In-Store,Cash,Backpack,Accessories,2,2200,0,4400.0,2200,2200.0
5346,2024-03-11,Kavya Shetty,West,Online,UPI,Backpack,Accessories,5,2200,0,11000.0,5500,5500.0
5347,2025-02-22,Varun Mehta,East,In-Store,Credit Card,Cricket Bat,Sports,2,3500,15,5950.0,3800,2150.0
5348,2024-01-23,Rahul Sharma,South,Online,Credit Card,Football,Sports,1,1100,0,1100.0,550,550.0
5349,2024-02-02,Priya Verma,North,In-Store,Net Banking,Sunglasses,Accessories,1,1800,5,1710.0,850,860.0
5350,2024-01-06,Anjali Gupta,North,Online,Cash,Denim Jacket,Apparel,2,2800,0,5600.0,3000,2600.0
5351,2024-04-01,Amit Reddy,Central,In-Store,Cash,Sandals,Footwear,4,1200,15,4080.0,2600,1480.0
5352,2025-06-22,Nikhil Saxena,Central,Online,Net Banking,Football,Sports,1,1100,20,880.0,550,330.0
5353,2024-11-19,Ritu Chawla,North,Online,Net Banking,Backpack,Accessories,4,2200,15,7480.0,4400,3080.0
5354,2024-06-20,Suresh Pandey,North,In-Store,UPI,Cricket Bat,Sports,5,3500,10,15750.0,9500,6250.0
5355,2024-12-06,Tanvi Agarwal,West,In-Store,Cash,Football,Sports,2,1100,0,2200.0,1100,1100.0
5356,2025-05-05,Arjun Rao,East,In-Store,Credit Card,Denim Jacket,Apparel,2,2800,15,4760.0,3000,1760.0
5357,2024-01-23,Tanvi Agarwal,South,Online,Net Banking,Yoga Mat,Sports,2,900,20,1440.0,900,540.0
5358,2025-04-23,Simran Kaur,North,Online,Net Banking,Leather Wallet,Accessories,1,1500,10,1350.0,700,650.0
5359,2024-01-25,Karan Kapoor,North,In-Store,Cash,Leather Wallet,Accessories,1,1500,5,1425.0,700,725.0
5360,2024-03-31,Amit Reddy,Central,In-Store,Net Banking,Leather Wallet,Accessories,5,1500,5,7125.0,3500,3625.0
5361,2025-04-29,Aditya Joshi,West,Online,Net Banking,Dumbbell Set,Sports,2,4200,20,6720.0,4600,2120.0
5362,2025-03-03,Manoj Bhatt,North,In-Store,Net Banking,Cotton T-Shirt,Apparel,1,699,15,594.15,320,274.15
5363,2024-10-19,Arjun Rao,West,Online,Credit Card,Wrist Watch,Accessories,5,6500,0,32500.0,17000,15500.0
5364,2024-06-25,Arjun Rao,North,Online,Cash,Cricket Bat,Sports,4,3500,0,14000.0,7600,6400.0
5365,2024-08-03,Priya Verma,South,In-Store,Net Banking,Denim Jacket,Apparel,5,2800,0,14000.0,7500,6500.0
5366,2024-03-30,Anjali Gupta,West,Online,Credit Card,Denim Jacket,Apparel,4,2800,10,10080.0,6000,4080.0
5367,2024-08-14,Tanvi Agarwal,South,In-Store,UPI,Formal Shoes,Footwear,1,4500,0,4500.0,2600,1900.0
5368,2025-02-17,Sanjay Pillai,South,Online,Cash,Cricket Bat,Sports,2,3500,20,5600.0,3800,1800.0
5369,2024-09-14,Sneha Iyer,South,In-Store,Credit Card,Running Shoes,Footwear,4,3200,20,10240.0,7600,2640.0
5370,2024-01-28,Kavya Shetty,East,Online,Net Banking,Sunglasses,Accessories,2,1800,0,3600.0,1700,1900.0
5371,2025-01-25,Amit Reddy,North,Online,Net Banking,Cricket Bat,Sports,5,3500,15,14875.0,9500,5375.0
5372,2024-09-10,Anjali Gupta,West,Online,Net Banking,Wrist Watch,Accessories,4,6500,10,23400.0,13600,9800.0
5373,2024-12-07,Neha Menon,West,Online,Net Banking,Football,Sports,3,1100,0,3300.0,1650,1650.0
5374,2024-09-14,Rahul Sharma,Central,Online,UPI,Winter Coat,Apparel,5,5500,0,27500.0,15500,12000.0
5375,2024-09-08,Nikhil Saxena,East,Online,UPI,Sunglasses,Accessories,5,1800,15,7650.0,4250,3400.0
5376,2025-01-31,Meera Das,South,In-Store,Net Banking,Dumbbell Set,Sports,4,4200,10,15120.0,9200,5920.0
5377,2025-02-26,Nikhil Saxena,West,In-Store,Credit Card,Backpack,Accessories,5,2200,0,11000.0,5500,5500.0
5378,2025-05-10,Karan Kapoor,North,Online,Credit Card,Winter Coat,Apparel,5,5500,0,27500.0,15500,12000.0
5379,2024-11-25,Sanjay Pillai,West,Online,Credit Card,Running Shoes,Footwear,5,3200,15,13600.0,9500,4100.0
5380,2024-02-04,Priya Verma,Central,Online,UPI,Running Shoes,Footwear,1,3200,15,2720.0,1900,820.0
5381,2024-10-30,Manoj Bhatt,East,Online,Cash,Sunglasses,Accessories,2,1800,0,3600.0,1700,1900.0
5382,2025-02-26,Tanvi Agarwal,East,Online,Credit Card,Denim Jacket,Apparel,1,2800,5,2660.0,1500,1160.0
5383,2024-10-10,Deepak Yadav,West,In-Store,Credit Card,Sandals,Footwear,5,1200,0,6000.0,3250,2750.0
5384,2025-05-13,Manoj Bhatt,West,In-Store,Credit Card,Wrist Watch,Accessories,1,6500,5,6175.0,3400,2775.0
5385,2025-04-15,Deepak Yadav,South,Online,Cash,Sunglasses,Accessories,2,1800,20,2880.0,1700,1180.0
5386,2025-02-04,Neha Menon,South,In-Store,Credit Card,Cricket Bat,Sports,2,3500,0,7000.0,3800,3200.0
5387,2025-01-20,Karan Kapoor,West,Online,Credit Card,Denim Jacket,Apparel,4,2800,15,9520.0,6000,3520.0
5388,2024-07-25,Isha Kulkarni,Central,Online,Credit Card,Running Shoes,Footwear,5,3200,15,13600.0,9500,4100.0
5389,2025-03-11,Divya Bose,East,Online,Cash,Dumbbell Set,Sports,2,4200,0,8400.0,4600,3800.0
5390,2025-04-04,Meera Das,West,Online,Net Banking,Leather Wallet,Accessories,3,1500,5,4275.0,2100,2175.0
5391,2024-09-21,Deepak Yadav,East,Online,Net Banking,Winter Coat,Apparel,4,5500,20,17600.0,12400,5200.0
5392,2024-10-28,Vikram Nair,East,In-Store,Credit Card,Football,Sports,1,1100,0,1100.0,550,550.0
5393,2024-10-25,Meera Das,South,In-Store,UPI,Leather Wallet,Accessories,4,1500,20,4800.0,2800,2000.0
5394,2024-10-10,Karan Kapoor,Central,In-Store,Net Banking,Dumbbell Set,Sports,3,4200,0,12600.0,6900,5700.0
5395,2024-08-22,Simran Kaur,Central,In-Store,Credit Card,Backpack,Accessories,4,2200,0,8800.0,4400,4400.0
5396,2025-01-29,Deepak Yadav,Central,In-Store,Cash,Yoga Mat,Sports,5,900,15,3825.0,2250,1575.0
5397,2024-03-13,Sanjay Pillai,West,In-Store,Credit Card,Formal Shoes,Footwear,1,4500,0,4500.0,2600,1900.0
5398,2024-07-17,Tanvi Agarwal,West,Online,Net Banking,Sandals,Footwear,1,1200,0,1200.0,650,550.0
5399,2024-05-23,Rahul Sharma,East,Online,Net Banking,Backpack,Accessories,2,2200,5,4180.0,2200,1980.0
5400,2024-05-12,Amit Reddy,East,Online,Cash,Wrist Watch,Accessories,1,6500,5,6175.0,3400,2775.0
5401,2024-11-25,Karan Kapoor,East,Online,UPI,Leather Wallet,Accessories,3,1500,5,4275.0,2100,2175.0
5402,2024-10-03,Neha Menon,Central,In-Store,Net Banking,Running Shoes,Footwear,5,3200,15,13600.0,9500,4100.0
5403,2024-12-04,Deepak Yadav,West,In-Store,UPI,Sandals,Footwear,1,1200,5,1140.0,650,490.0
5404,2024-09-06,Pooja Malhotra,East,In-Store,UPI,Denim Jacket,Apparel,2,2800,0,5600.0,3000,2600.0
5405,2024-03-21,Rohan Chatterjee,East,Online,Cash,Backpack,Accessories,2,2200,0,4400.0,2200,2200.0
5406,2025-05-11,Pooja Malhotra,West,In-Store,UPI,Wrist Watch,Accessories,2,6500,0,13000.0,6800,6200.0
5407,2024-03-22,Kavya Shetty,North,Online,Net Banking,Winter Coat,Apparel,1,5500,5,5225.0,3100,2125.0
5408,2024-02-01,Anjali Gupta,East,Online,Net Banking,Football,Sports,1,1100,15,935.0,550,385.0
5409,2024-07-06,Rahul Sharma,East,Online,Net Banking,Winter Coat,Apparel,4,5500,20,17600.0,12400,5200.0
5410,2025-05-16,Suresh Pandey,East,Online,Credit Card,Yoga Mat,Sports,1,900,0,900.0,450,450.0
5411,2025-01-13,Kavya Shetty,North,Online,Credit Card,Wrist Watch,Accessories,5,6500,0,32500.0,17000,15500.0
5412,2025-06-18,Sanjay Pillai,East,Online,Net Banking,Running Shoes,Footwear,5,3200,0,16000.0,9500,6500.0
5413,2024-05-15,Simran Kaur,North,Online,Credit Card,Football,Sports,2,1100,5,2090.0,1100,990.0
5414,2024-03-30,Manoj Bhatt,Central,In-Store,UPI,Backpack,Accessories,5,2200,15,9350.0,5500,3850.0
5415,2024-10-29,Rohan Chatterjee,Central,Online,UPI,Cotton T-Shirt,Apparel,1,699,15,594.15,320,274.15
5416,2024-06-06,Priya Verma,South,Online,Credit Card,Cricket Bat,Sports,1,3500,20,2800.0,1900,900.0
5417,2024-11-19,Divya Bose,East,Online,Cash,Formal Shoes,Footwear,1,4500,0,4500.0,2600,1900.0
5418,2024-02-27,Sneha Iyer,South,In-Store,Net Banking,Backpack,Accessories,4,2200,20,7040.0,4400,2640.0
5419,2025-01-09,Isha Kulkarni,West,Online,Cash,Sunglasses,Accessories,2,1800,10,3240.0,1700,1540.0
5420,2024-10-11,Simran Kaur,West,In-Store,UPI,Running Shoes,Footwear,2,3200,15,5440.0,3800,1640.0
5421,2025-04-12,Tanvi Agarwal,South,Online,Cash,Sunglasses,Accessories,1,1800,10,1620.0,850,770.0
5422,2024-05-20,Neha Menon,West,Online,Net Banking,Cricket Bat,Sports,3,3500,10,9450.0,5700,3750.0
5423,2025-01-12,Suresh Pandey,East,Online,Net Banking,Leather Wallet,Accessories,5,1500,10,6750.0,3500,3250.0
5424,2024-07-23,Ritu Chawla,West,In-Store,Credit Card,Backpack,Accessories,3,2200,0,6600.0,3300,3300.0
5425,2024-08-30,Karan Kapoor,South,Online,UPI,Backpack,Accessories,4,2200,0,8800.0,4400,4400.0
5426,2024-10-15,Manoj Bhatt,Central,Online,Net Banking,Leather Wallet,Accessories,5,1500,20,6000.0,3500,2500.0
5427,2024-09-19,Aditya Joshi,Central,Online,Cash,Denim Jacket,Apparel,2,2800,0,5600.0,3000,2600.0
5428,2024-05-20,Sneha Iyer,West,Online,UPI,Yoga Mat,Sports,2,900,0,1800.0,900,900.0
5429,2025-01-31,Pooja Malhotra,South,Online,UPI,Sandals,Footwear,2,1200,0,2400.0,1300,1100.0
5430,2024-01-31,Divya Bose,West,In-Store,Net Banking,Football,Sports,1,1100,10,990.0,550,440.0
5431,2025-02-13,Sanjay Pillai,North,Online,Cash,Denim Jacket,Apparel,4,2800,0,11200.0,6000,5200.0
5432,2024-12-28,Rahul Sharma,South,Online,Credit Card,Sunglasses,Accessories,2,1800,0,3600.0,1700,1900.0
5433,2024-11-07,Rahul Sharma,East,Online,UPI,Football,Sports,5,1100,0,5500.0,2750,2750.0
5434,2025-05-27,Kavya Shetty,South,In-Store,Cash,Football,Sports,5,1100,15,4675.0,2750,1925.0
5435,2024-01-03,Varun Mehta,Central,In-Store,UPI,Denim Jacket,Apparel,1,2800,0,2800.0,1500,1300.0
5436,2025-01-27,Vikram Nair,North,Online,Net Banking,Backpack,Accessories,2,2200,20,3520.0,2200,1320.0
5437,2024-04-23,Amit Reddy,North,In-Store,UPI,Formal Shoes,Footwear,3,4500,5,12825.0,7800,5025.0
5438,2024-05-06,Vikram Nair,East,Online,Cash,Running Shoes,Footwear,1,3200,5,3040.0,1900,1140.0
5439,2024-04-03,Sneha Iyer,East,In-Store,UPI,Wrist Watch,Accessories,3,6500,0,19500.0,10200,9300.0
5440,2024-12-17,Priya Verma,West,Online,Credit Card,Wrist Watch,Accessories,1,6500,20,5200.0,3400,1800.0
5441,2025-06-26,Meera Das,East,In-Store,Net Banking,Winter Coat,Apparel,5,5500,15,23375.0,15500,7875.0
5442,2024-10-19,Kavya Shetty,East,In-Store,Net Banking,Formal Shoes,Footwear,2,4500,10,8100.0,5200,2900.0
5443,2024-12-10,Varun Mehta,North,In-Store,Net Banking,Denim Jacket,Apparel,5,2800,5,13300.0,7500,5800.0
5444,2024-10-01,Simran Kaur,West,In-Store,Net Banking,Sandals,Footwear,2,1200,10,2160.0,1300,860.0
5445,2024-10-05,Aditya Joshi,North,Online,Cash,Formal Shoes,Footwear,4,4500,0,18000.0,10400,7600.0
5446,2025-05-10,Suresh Pandey,North,In-Store,UPI,Formal Shoes,Footwear,2,4500,0,9000.0,5200,3800.0
5447,2024-04-01,Vikram Nair,East,In-Store,Cash,Wrist Watch,Accessories,5,6500,0,32500.0,17000,15500.0
5448,2025-06-28,Varun Mehta,North,Online,Cash,Denim Jacket,Apparel,4,2800,10,10080.0,6000,4080.0
5449,2024-07-10,Sneha Iyer,Central,Online,UPI,Wrist Watch,Accessories,5,6500,0,32500.0,17000,15500.0
5450,2025-06-12,Deepak Yadav,Central,Online,Credit Card,Formal Shoes,Footwear,2,4500,0,9000.0,5200,3800.0
5451,2024-12-09,Pooja Malhotra,West,Online,UPI,Sandals,Footwear,4,1200,0,4800.0,2600,2200.0
5452,2025-02-15,Ritu Chawla,East,Online,Credit Card,Cotton T-Shirt,Apparel,2,699,0,1398.0,640,758.0
5453,2025-02-24,Anjali Gupta,Central,Online,Credit Card,Cricket Bat,Sports,3,3500,0,10500.0,5700,4800.0
5454,2025-01-01,Aditya Joshi,West,Online,Net Banking,Yoga Mat,Sports,5,900,0,4500.0,2250,2250.0
5455,2024-12-31,Isha Kulkarni,East,Online,UPI,Yoga Mat,Sports,2,900,5,1710.0,900,810.0
5456,2025-01-14,Aditya Joshi,East,In-Store,Cash,Formal Shoes,Footwear,1,4500,5,4275.0,2600,1675.0
5457,2024-06-16,Varun Mehta,North,Online,Net Banking,Running Shoes,Footwear,1,3200,15,2720.0,1900,820.0
5458,2025-03-05,Ritu Chawla,Central,Online,Net Banking,Cricket Bat,Sports,4,3500,20,11200.0,7600,3600.0
5459,2024-03-03,Pooja Malhotra,South,Online,Cash,Running Shoes,Footwear,1,3200,0,3200.0,1900,1300.0
5460,2024-04-19,Priya Verma,North,Online,Cash,Yoga Mat,Sports,1,900,20,720.0,450,270.0
5461,2025-04-04,Karan Kapoor,South,Online,UPI,Football,Sports,1,1100,20,880.0,550,330.0
5462,2024-04-22,Meera Das,West,Online,Cash,Formal Shoes,Footwear,5,4500,0,22500.0,13000,9500.0
5463,2024-02-09,Priya Verma,Central,In-Store,Credit Card,Running Shoes,Footwear,2,3200,0,6400.0,3800,2600.0
5464,2024-06-19,Divya Bose,West,Online,Credit Card,Running Shoes,Footwear,3,3200,5,9120.0,5700,3420.0
5465,2024-08-26,Ritu Chawla,West,Online,UPI,Sunglasses,Accessories,2,1800,0,3600.0,1700,1900.0
5466,2025-05-25,Neha Menon,West,Online,UPI,Backpack,Accessories,1,2200,20,1760.0,1100,660.0
5467,2024-08-19,Amit Reddy,Central,In-Store,Credit Card,Dumbbell Set,Sports,1,4200,15,3570.0,2300,1270.0
5468,2024-12-29,Divya Bose,South,Online,UPI,Sandals,Footwear,1,1200,0,1200.0,650,550.0
5469,2024-10-21,Sneha Iyer,Central,Online,Credit Card,Yoga Mat,Sports,1,900,0,900.0,450,450.0
5470,2024-02-26,Rohan Chatterjee,West,In-Store,Net Banking,Running Shoes,Footwear,3,3200,5,9120.0,5700,3420.0
5471,2024-05-06,Neha Menon,South,Online,Cash,Denim Jacket,Apparel,5,2800,0,14000.0,7500,6500.0
5472,2024-08-18,Neha Menon,North,In-Store,Cash,Football,Sports,5,1100,15,4675.0,2750,1925.0
5473,2025-05-05,Pooja Malhotra,East,Online,Cash,Sunglasses,Accessories,3,1800,10,4860.0,2550,2310.0
5474,2024-11-27,Divya Bose,Central,In-Store,Cash,Cricket Bat,Sports,3,3500,5,9975.0,5700,4275.0
5475,2024-10-04,Ritu Chawla,North,In-Store,Cash,Denim Jacket,Apparel,4,2800,0,11200.0,6000,5200.0
5476,2024-12-13,Deepak Yadav,North,In-Store,Net Banking,Dumbbell Set,Sports,4,4200,5,15960.0,9200,6760.0
5477,2025-04-24,Priya Verma,West,Online,UPI,Leather Wallet,Accessories,3,1500,0,4500.0,2100,2400.0
5478,2025-06-27,Rohan Chatterjee,East,Online,Cash,Denim Jacket,Apparel,3,2800,20,6720.0,4500,2220.0
5479,2025-01-09,Aditya Joshi,North,Online,Cash,Dumbbell Set,Sports,2,4200,0,8400.0,4600,3800.0
5480,2024-07-20,Divya Bose,South,In-Store,Net Banking,Sandals,Footwear,1,1200,0,1200.0,650,550.0
5481,2024-04-21,Divya Bose,South,In-Store,Credit Card,Dumbbell Set,Sports,1,4200,5,3990.0,2300,1690.0
5482,2024-06-07,Deepak Yadav,West,In-Store,Credit Card,Yoga Mat,Sports,4,900,5,3420.0,1800,1620.0
5483,2024-07-07,Sanjay Pillai,Central,Online,UPI,Yoga Mat,Sports,5,900,5,4275.0,2250,2025.0
5484,2024-01-24,Arjun Rao,South,In-Store,Cash,Sunglasses,Accessories,2,1800,0,3600.0,1700,1900.0
5485,2024-03-01,Amit Reddy,East,Online,Cash,Denim Jacket,Apparel,4,2800,20,8960.0,6000,2960.0
5486,2024-12-27,Nikhil Saxena,East,In-Store,Cash,Denim Jacket,Apparel,2,2800,0,5600.0,3000,2600.0
5487,2024-07-15,Karan Kapoor,West,Online,Cash,Sandals,Footwear,4,1200,15,4080.0,2600,1480.0
5488,2025-02-24,Arjun Rao,West,Online,Cash,Leather Wallet,Accessories,2,1500,0,3000.0,1400,1600.0
5489,2025-05-23,Simran Kaur,Central,Online,Credit Card,Football,Sports,4,1100,0,4400.0,2200,2200.0
5490,2024-06-01,Varun Mehta,South,In-Store,Net Banking,Yoga Mat,Sports,2,900,5,1710.0,900,810.0
5491,2025-04-01,Pooja Malhotra,South,In-Store,Credit Card,Winter Coat,Apparel,5,5500,15,23375.0,15500,7875.0
5492,2024-04-09,Simran Kaur,East,Online,Net Banking,Dumbbell Set,Sports,2,4200,10,7560.0,4600,2960.0
5493,2024-06-22,Isha Kulkarni,Central,Online,Credit Card,Winter Coat,Apparel,4,5500,0,22000.0,12400,9600.0
5494,2024-02-21,Manoj Bhatt,North,Online,Credit Card,Denim Jacket,Apparel,2,2800,20,4480.0,3000,1480.0
5495,2024-01-14,Priya Verma,East,Online,UPI,Football,Sports,1,1100,20,880.0,550,330.0
5496,2024-05-17,Neha Menon,West,Online,Net Banking,Backpack,Accessories,4,2200,10,7920.0,4400,3520.0
5497,2024-05-16,Isha Kulkarni,North,Online,UPI,Sunglasses,Accessories,4,1800,0,7200.0,3400,3800.0
5498,2024-07-01,Neha Menon,South,In-Store,Cash,Yoga Mat,Sports,4,900,5,3420.0,1800,1620.0
5499,2024-12-01,Vikram Nair,East,Online,Cash,Sandals,Footwear,2,1200,20,1920.0,1300,620.0
5500,2025-01-18,Nikhil Saxena,North,In-Store,UPI,Leather Wallet,Accessories,4,1500,10,5400.0,2800,2600.0
5501,2024-06-10,Rahul Sharma,North,Online,UPI,Dumbbell Set,Sports,3,4200,5,11970.0,6900,5070.0
5502,2024-12-22,Arjun Rao,West,Online,UPI,Sunglasses,Accessories,2,1800,15,3060.0,1700,1360.0
5503,2024-02-06,Ritu Chawla,East,In-Store,Credit Card,Running Shoes,Footwear,4,3200,15,10880.0,7600,3280.0
5504,2024-01-21,Kavya Shetty,West,Online,Credit Card,Cotton T-Shirt,Apparel,4,699,0,2796.0,1280,1516.0
5505,2024-12-28,Divya Bose,West,In-Store,Credit Card,Yoga Mat,Sports,5,900,10,4050.0,2250,1800.0
5506,2025-06-27,Sanjay Pillai,West,Online,Net Banking,Football,Sports,4,1100,0,4400.0,2200,2200.0
5507,2024-01-24,Tanvi Agarwal,Central,In-Store,Cash,Sandals,Footwear,5,1200,20,4800.0,3250,1550.0
5508,2024-12-26,Ritu Chawla,East,Online,Net Banking,Formal Shoes,Footwear,4,4500,15,15300.0,10400,4900.0
5509,2024-11-04,Arjun Rao,East,Online,Credit Card,Denim Jacket,Apparel,2,2800,15,4760.0,3000,1760.0
5510,2025-06-13,Arjun Rao,Central,Online,UPI,Denim Jacket,Apparel,3,2800,15,7140.0,4500,2640.0
5511,2024-01-14,Rahul Sharma,North,In-Store,Cash,Running Shoes,Footwear,1,3200,20,2560.0,1900,660.0
5512,2024-05-22,Rohan Chatterjee,North,Online,Net Banking,Wrist Watch,Accessories,4,6500,0,26000.0,13600,12400.0
5513,2025-01-18,Neha Menon,East,Online,Cash,Yoga Mat,Sports,5,900,20,3600.0,2250,1350.0
5514,2025-03-20,Kavya Shetty,South,Online,UPI,Cotton T-Shirt,Apparel,2,699,0,1398.0,640,758.0
5515,2024-02-23,Karan Kapoor,West,Online,UPI,Running Shoes,Footwear,1,3200,0,3200.0,1900,1300.0
5516,2024-09-27,Priya Verma,South,In-Store,UPI,Wrist Watch,Accessories,1,6500,0,6500.0,3400,3100.0
5517,2024-12-31,Isha Kulkarni,North,Online,Net Banking,Winter Coat,Apparel,2,5500,15,9350.0,6200,3150.0
5518,2024-02-08,Sneha Iyer,North,Online,UPI,Denim Jacket,Apparel,3,2800,10,7560.0,4500,3060.0
5519,2025-02-18,Kavya Shetty,North,Online,Cash,Backpack,Accessories,1,2200,10,1980.0,1100,880.0
5520,2025-01-25,Meera Das,North,In-Store,Cash,Sandals,Footwear,3,1200,10,3240.0,1950,1290.0
5521,2024-09-14,Priya Verma,North,In-Store,Cash,Cotton T-Shirt,Apparel,1,699,0,699.0,320,379.0
5522,2024-12-22,Divya Bose,West,In-Store,Net Banking,Leather Wallet,Accessories,3,1500,0,4500.0,2100,2400.0
5523,2024-02-17,Kavya Shetty,East,Online,Cash,Denim Jacket,Apparel,4,2800,20,8960.0,6000,2960.0
5524,2025-06-06,Aditya Joshi,North,Online,Cash,Cotton T-Shirt,Apparel,4,699,20,2236.8,1280,956.8
5525,2024-10-04,Divya Bose,Central,Online,Credit Card,Winter Coat,Apparel,1,5500,0,5500.0,3100,2400.0
5526,2025-06-27,Varun Mehta,Central,Online,Net Banking,Football,Sports,4,1100,20,3520.0,2200,1320.0
5527,2024-12-23,Sanjay Pillai,West,Online,Net Banking,Formal Shoes,Footwear,3,4500,0,13500.0,7800,5700.0
5528,2024-04-25,Divya Bose,East,Online,Credit Card,Dumbbell Set,Sports,5,4200,5,19950.0,11500,8450.0
5529,2024-12-29,Kavya Shetty,South,In-Store,UPI,Wrist Watch,Accessories,2,6500,0,13000.0,6800,6200.0
5530,2025-03-15,Manoj Bhatt,East,Online,Net Banking,Sandals,Footwear,3,1200,15,3060.0,1950,1110.0
5531,2024-05-20,Sanjay Pillai,West,In-Store,UPI,Leather Wallet,Accessories,1,1500,0,1500.0,700,800.0
5532,2024-02-08,Varun Mehta,Central,Online,Cash,Cricket Bat,Sports,3,3500,0,10500.0,5700,4800.0
5533,2024-07-02,Priya Verma,East,In-Store,Credit Card,Denim Jacket,Apparel,1,2800,5,2660.0,1500,1160.0
5534,2024-10-18,Varun Mehta,West,Online,Net Banking,Football,Sports,2,1100,0,2200.0,1100,1100.0
5535,2025-06-03,Neha Menon,East,Online,Credit Card,Wrist Watch,Accessories,2,6500,0,13000.0,6800,6200.0
5536,2024-01-23,Divya Bose,Central,Online,Cash,Cricket Bat,Sports,3,3500,0,10500.0,5700,4800.0
5537,2025-04-17,Divya Bose,South,Online,UPI,Sandals,Footwear,2,1200,0,2400.0,1300,1100.0
5538,2024-05-02,Neha Menon,Central,In-Store,Credit Card,Yoga Mat,Sports,2,900,15,1530.0,900,630.0
5539,2025-03-30,Divya Bose,West,In-Store,Credit Card,Yoga Mat,Sports,1,900,0,900.0,450,450.0
5540,2024-07-04,Varun Mehta,South,Online,Net Banking,Winter Coat,Apparel,2,5500,15,9350.0,6200,3150.0
5541,2024-01-04,Priya Verma,North,In-Store,Net Banking,Running Shoes,Footwear,5,3200,15,13600.0,9500,4100.0
5542,2024-07-04,Neha Menon,North,In-Store,Cash,Running Shoes,Footwear,4,3200,0,12800.0,7600,5200.0
5543,2024-10-08,Simran Kaur,South,Online,UPI,Sandals,Footwear,3,1200,15,3060.0,1950,1110.0
5544,2025-02-09,Divya Bose,North,In-Store,Cash,Cricket Bat,Sports,3,3500,15,8925.0,5700,3225.0
5545,2024-07-19,Varun Mehta,West,Online,Credit Card,Backpack,Accessories,4,2200,0,8800.0,4400,4400.0
5546,2024-02-22,Neha Menon,North,Online,Net Banking,Running Shoes,Footwear,5,3200,0,16000.0,9500,6500.0
5547,2024-04-28,Suresh Pandey,North,Online,Credit Card,Yoga Mat,Sports,4,900,0,3600.0,1800,1800.0
5548,2024-01-11,Meera Das,Central,In-Store,Credit Card,Dumbbell Set,Sports,5,4200,5,19950.0,11500,8450.0
5549,2024-01-03,Nikhil Saxena,Central,Online,Cash,Leather Wallet,Accessories,2,1500,0,3000.0,1400,1600.0
5550,2025-01-22,Divya Bose,South,Online,Credit Card,Wrist Watch,Accessories,4,6500,5,24700.0,13600,11100.0
5551,2025-02-09,Suresh Pandey,Central,Online,Cash,Wrist Watch,Accessories,4,6500,0,26000.0,13600,12400.0
5552,2025-03-21,Priya Verma,East,Online,UPI,Dumbbell Set,Sports,2,4200,10,7560.0,4600,2960.0
5553,2024-01-25,Kavya Shetty,West,Online,Cash,Formal Shoes,Footwear,2,4500,20,7200.0,5200,2000.0
5554,2024-05-29,Varun Mehta,North,In-Store,Cash,Wrist Watch,Accessories,5,6500,10,29250.0,17000,12250.0
5555,2025-04-19,Amit Reddy,Central,In-Store,Credit Card,Cotton T-Shirt,Apparel,1,699,0,699.0,320,379.0
5556,2024-04-11,Pooja Malhotra,Central,In-Store,Cash,Cotton T-Shirt,Apparel,1,699,15,594.15,320,274.15
5557,2025-04-18,Rohan Chatterjee,North,Online,Net Banking,Backpack,Accessories,4,2200,20,7040.0,4400,2640.0
5558,2024-01-29,Rohan Chatterjee,West,Online,Net Banking,Formal Shoes,Footwear,3,4500,5,12825.0,7800,5025.0
5559,2025-04-30,Kavya Shetty,West,In-Store,Net Banking,Denim Jacket,Apparel,5,2800,5,13300.0,7500,5800.0
5560,2024-10-16,Kavya Shetty,West,Online,UPI,Cricket Bat,Sports,5,3500,0,17500.0,9500,8000.0
5561,2024-02-09,Tanvi Agarwal,South,Online,Credit Card,Cricket Bat,Sports,3,3500,0,10500.0,5700,4800.0
5562,2025-03-15,Sanjay Pillai,East,Online,UPI,Denim Jacket,Apparel,1,2800,20,2240.0,1500,740.0
5563,2024-05-27,Aditya Joshi,West,Online,Net Banking,Sandals,Footwear,3,1200,0,3600.0,1950,1650.0
5564,2025-04-16,Anjali Gupta,East,Online,UPI,Denim Jacket,Apparel,1,2800,15,2380.0,1500,880.0
5565,2024-04-11,Anjali Gupta,North,Online,Cash,Formal Shoes,Footwear,3,4500,20,10800.0,7800,3000.0
5566,2024-09-15,Suresh Pandey,West,Online,Credit Card,Leather Wallet,Accessories,3,1500,20,3600.0,2100,1500.0
5567,2024-01-25,Varun Mehta,West,Online,UPI,Winter Coat,Apparel,1,5500,15,4675.0,3100,1575.0
5568,2025-06-06,Rohan Chatterjee,East,In-Store,Net Banking,Formal Shoes,Footwear,3,4500,10,12150.0,7800,4350.0
5569,2024-12-29,Deepak Yadav,Central,Online,Cash,Sandals,Footwear,5,1200,15,5100.0,3250,1850.0
5570,2024-11-29,Meera Das,North,Online,Net Banking,Wrist Watch,Accessories,3,6500,0,19500.0,10200,9300.0
5571,2025-02-15,Anjali Gupta,West,Online,Net Banking,Running Shoes,Footwear,2,3200,0,6400.0,3800,2600.0
5572,2024-01-14,Pooja Malhotra,West,Online,Cash,Winter Coat,Apparel,1,5500,0,5500.0,3100,2400.0
5573,2025-02-27,Manoj Bhatt,East,Online,Net Banking,Winter Coat,Apparel,1,5500,0,5500.0,3100,2400.0
5574,2025-04-29,Deepak Yadav,North,In-Store,UPI,Leather Wallet,Accessories,1,1500,15,1275.0,700,575.0
5575,2024-12-06,Varun Mehta,West,Online,Cash,Sunglasses,Accessories,1,1800,10,1620.0,850,770.0
5576,2024-02-20,Suresh Pandey,East,In-Store,UPI,Leather Wallet,Accessories,1,1500,0,1500.0,700,800.0
5577,2025-06-08,Simran Kaur,North,Online,Credit Card,Cotton T-Shirt,Apparel,3,699,15,1782.45,960,822.45
5578,2024-03-06,Sneha Iyer,Central,Online,Net Banking,Dumbbell Set,Sports,5,4200,0,21000.0,11500,9500.0
5579,2024-09-28,Sneha Iyer,East,Online,Cash,Running Shoes,Footwear,5,3200,15,13600.0,9500,4100.0
5580,2024-09-16,Kavya Shetty,North,Online,Cash,Formal Shoes,Footwear,3,4500,0,13500.0,7800,5700.0
5581,2024-06-26,Sneha Iyer,North,In-Store,UPI,Winter Coat,Apparel,4,5500,0,22000.0,12400,9600.0
5582,2025-04-12,Priya Verma,West,Online,UPI,Formal Shoes,Footwear,5,4500,15,19125.0,13000,6125.0
5583,2025-03-04,Meera Das,South,In-Store,Cash,Dumbbell Set,Sports,3,4200,0,12600.0,6900,5700.0
5584,2024-06-06,Kavya Shetty,North,Online,Credit Card,Winter Coat,Apparel,2,5500,5,10450.0,6200,4250.0
5585,2025-06-16,Rahul Sharma,South,Online,Cash,Sandals,Footwear,4,1200,5,4560.0,2600,1960.0
5586,2025-05-12,Suresh Pandey,South,In-Store,UPI,Dumbbell Set,Sports,2,4200,0,8400.0,4600,3800.0
5587,2025-01-17,Sanjay Pillai,Central,Online,Cash,Formal Shoes,Footwear,2,4500,0,9000.0,5200,3800.0
5588,2024-08-05,Pooja Malhotra,West,Online,Credit Card,Sandals,Footwear,1,1200,10,1080.0,650,430.0
5589,2024-04-02,Suresh Pandey,West,Online,UPI,Leather Wallet,Accessories,5,1500,0,7500.0,3500,4000.0
5590,2024-02-04,Rohan Chatterjee,North,In-Store,UPI,Dumbbell Set,Sports,5,4200,0,21000.0,11500,9500.0
5591,2024-10-19,Meera Das,South,Online,Cash,Cotton T-Shirt,Apparel,4,699,20,2236.8,1280,956.8
5592,2024-07-10,Suresh Pandey,Central,Online,Credit Card,Cotton T-Shirt,Apparel,5,699,0,3495.0,1600,1895.0
5593,2024-02-06,Simran Kaur,East,Online,Cash,Backpack,Accessories,1,2200,20,1760.0,1100,660.0
5594,2025-04-06,Deepak Yadav,North,Online,Credit Card,Football,Sports,5,1100,0,5500.0,2750,2750.0
5595,2024-11-06,Rahul Sharma,Central,Online,Cash,Cotton T-Shirt,Apparel,1,699,20,559.2,320,239.2
5596,2025-04-28,Anjali Gupta,East,In-Store,Net Banking,Leather Wallet,Accessories,4,1500,0,6000.0,2800,3200.0
5597,2024-08-28,Pooja Malhotra,East,Online,Credit Card,Dumbbell Set,Sports,1,4200,0,4200.0,2300,1900.0
5598,2025-05-16,Neha Menon,North,Online,Cash,Cricket Bat,Sports,1,3500,10,3150.0,1900,1250.0
5599,2025-05-07,Kavya Shetty,North,Online,Credit Card,Yoga Mat,Sports,4,900,0,3600.0,1800,1800.0
5600,2025-03-31,Simran Kaur,Central,In-Store,Net Banking,Football,Sports,4,1100,0,4400.0,2200,2200.0
5601,2024-03-06,Pooja Malhotra,Central,Online,Net Banking,Leather Wallet,Accessories,1,1500,10,1350.0,700,650.0
5602,2024-11-23,Rohan Chatterjee,South,Online,Net Banking,Winter Coat,Apparel,5,5500,0,27500.0,15500,12000.0
5603,2024-01-25,Simran Kaur,West,Online,Net Banking,Cotton T-Shirt,Apparel,2,699,15,1188.3,640,548.3
5604,2024-08-22,Pooja Malhotra,East,In-Store,Net Banking,Denim Jacket,Apparel,1,2800,10,2520.0,1500,1020.0
5605,2024-09-24,Isha Kulkarni,Central,Online,Credit Card,Running Shoes,Footwear,1,3200,0,3200.0,1900,1300.0
5606,2024-03-05,Amit Reddy,South,Online,Net Banking,Running Shoes,Footwear,1,3200,0,3200.0,1900,1300.0
5607,2024-07-13,Simran Kaur,East,Online,Cash,Wrist Watch,Accessories,1,6500,20,5200.0,3400,1800.0
5608,2024-02-25,Ritu Chawla,Central,Online,UPI,Leather Wallet,Accessories,3,1500,10,4050.0,2100,1950.0
5609,2024-12-10,Kavya Shetty,Central,Online,Cash,Sandals,Footwear,1,1200,0,1200.0,650,550.0
5610,2024-01-09,Pooja Malhotra,North,Online,UPI,Dumbbell Set,Sports,2,4200,0,8400.0,4600,3800.0
5611,2025-01-22,Vikram Nair,Central,Online,Net Banking,Sunglasses,Accessories,1,1800,5,1710.0,850,860.0
5612,2024-12-27,Sneha Iyer,North,In-Store,Net Banking,Wrist Watch,Accessories,1,6500,15,5525.0,3400,2125.0
5613,2024-10-16,Vikram Nair,Central,Online,Credit Card,Wrist Watch,Accessories,3,6500,0,19500.0,10200,9300.0
5614,2024-03-01,Neha Menon,South,Online,UPI,Dumbbell Set,Sports,5,4200,0,21000.0,11500,9500.0
5615,2024-04-22,Anjali Gupta,North,Online,Cash,Dumbbell Set,Sports,4,4200,5,15960.0,9200,6760.0
5616,2024-12-05,Amit Reddy,North,In-Store,Net Banking,Dumbbell Set,Sports,1,4200,0,4200.0,2300,1900.0
5617,2024-06-28,Karan Kapoor,East,In-Store,UPI,Denim Jacket,Apparel,5,2800,20,11200.0,7500,3700.0
5618,2025-06-05,Sanjay Pillai,East,In-Store,Credit Card,Football,Sports,1,1100,20,880.0,550,330.0
5619,2024-04-01,Varun Mehta,South,In-Store,Net Banking,Cotton T-Shirt,Apparel,4,699,0,2796.0,1280,1516.0
5620,2025-01-18,Rahul Sharma,East,Online,Credit Card,Football,Sports,2,1100,20,1760.0,1100,660.0
5621,2024-02-08,Neha Menon,West,Online,Cash,Yoga Mat,Sports,4,900,5,3420.0,1800,1620.0
5622,2024-03-16,Anjali Gupta,East,In-Store,Net Banking,Cricket Bat,Sports,3,3500,0,10500.0,5700,4800.0
5623,2025-03-23,Ritu Chawla,North,Online,Cash,Yoga Mat,Sports,3,900,0,2700.0,1350,1350.0
5624,2024-03-16,Tanvi Agarwal,West,In-Store,Net Banking,Formal Shoes,Footwear,1,4500,0,4500.0,2600,1900.0
5625,2024-12-22,Rohan Chatterjee,South,Online,UPI,Wrist Watch,Accessories,3,6500,20,15600.0,10200,5400.0
5626,2024-10-29,Deepak Yadav,Central,Online,UPI,Formal Shoes,Footwear,5,4500,10,20250.0,13000,7250.0
5627,2025-02-18,Karan Kapoor,East,In-Store,Credit Card,Yoga Mat,Sports,2,900,10,1620.0,900,720.0
5628,2024-01-14,Kavya Shetty,South,In-Store,Cash,Sunglasses,Accessories,1,1800,0,1800.0,850,950.0
5629,2024-02-08,Aditya Joshi,East,In-Store,UPI,Formal Shoes,Footwear,3,4500,0,13500.0,7800,5700.0
5630,2024-01-14,Suresh Pandey,Central,Online,Net Banking,Yoga Mat,Sports,3,900,5,2565.0,1350,1215.0
5631,2025-04-28,Amit Reddy,Central,In-Store,Credit Card,Leather Wallet,Accessories,3,1500,0,4500.0,2100,2400.0
5632,2024-03-01,Arjun Rao,Central,In-Store,Net Banking,Formal Shoes,Footwear,2,4500,20,7200.0,5200,2000.0
5633,2025-03-19,Simran Kaur,Central,Online,Net Banking,Winter Coat,Apparel,1,5500,0,5500.0,3100,2400.0
5634,2025-06-18,Aditya Joshi,West,Online,UPI,Wrist Watch,Accessories,2,6500,0,13000.0,6800,6200.0
5635,2024-12-03,Karan Kapoor,South,Online,UPI,Formal Shoes,Footwear,5,4500,15,19125.0,13000,6125.0
5636,2025-01-21,Arjun Rao,North,Online,Credit Card,Cricket Bat,Sports,3,3500,0,10500.0,5700,4800.0
5637,2025-05-14,Ritu Chawla,South,In-Store,Cash,Sunglasses,Accessories,2,1800,0,3600.0,1700,1900.0
5638,2024-11-25,Meera Das,Central,Online,Net Banking,Cricket Bat,Sports,1,3500,0,3500.0,1900,1600.0
5639,2025-05-16,Meera Das,West,Online,Net Banking,Dumbbell Set,Sports,4,4200,20,13440.0,9200,4240.0
5640,2024-04-20,Rahul Sharma,South,In-Store,UPI,Cricket Bat,Sports,1,3500,5,3325.0,1900,1425.0
5641,2024-06-29,Arjun Rao,South,Online,Cash,Yoga Mat,Sports,5,900,20,3600.0,2250,1350.0
5642,2025-05-23,Meera Das,East,Online,Net Banking,Yoga Mat,Sports,4,900,20,2880.0,1800,1080.0
5643,2024-11-10,Isha Kulkarni,West,Online,UPI,Cotton T-Shirt,Apparel,5,699,15,2970.75,1600,1370.75
5644,2024-02-20,Suresh Pandey,Central,In-Store,Credit Card,Denim Jacket,Apparel,1,2800,0,2800.0,1500,1300.0
5645,2025-05-28,Priya Verma,South,Online,Net Banking,Denim Jacket,Apparel,4,2800,0,11200.0,6000,5200.0
5646,2024-03-22,Ritu Chawla,West,Online,Cash,Cricket Bat,Sports,3,3500,0,10500.0,5700,4800.0
5647,2024-05-19,Anjali Gupta,East,Online,Net Banking,Winter Coat,Apparel,5,5500,20,22000.0,15500,6500.0
5648,2024-02-01,Divya Bose,South,Online,UPI,Football,Sports,1,1100,0,1100.0,550,550.0
5649,2025-06-09,Rahul Sharma,Central,In-Store,Net Banking,Sandals,Footwear,4,1200,15,4080.0,2600,1480.0
5650,2025-01-13,Aditya Joshi,West,Online,Net Banking,Running Shoes,Footwear,5,3200,5,15200.0,9500,5700.0
